{
    "layer1_w": [
        [
            -0.04985826089978218
        ],
        [
            -0.907821774482727
        ],
        [
            -0.19505810737609863
        ],
        [
            -0.0789376050233841
        ],
        [
            0.167878657579422
        ],
        [
            -0.034409333020448685
        ],
        [
            -0.7589497566223145
        ],
        [
            0.3230496346950531
        ],
        [
            0.6490254402160645
        ],
        [
            -0.3558359146118164
        ],
        [
            0.020502589643001556
        ],
        [
            0.05910057947039604
        ],
        [
            0.25693967938423157
        ],
        [
            -0.41966795921325684
        ],
        [
            0.6649338603019714
        ],
        [
            0.01421445794403553
        ]
    ],
    "layer1_b": [
        1.8691320419311523,
        -0.41410982608795166,
        -0.12196505069732666,
        0.7294445037841797,
        -0.6232914924621582,
        1.1780892610549927,
        -0.9358047246932983,
        -0.7651565670967102,
        0.19221368432044983,
        0.030571699142456055,
        -0.2204957753419876,
        1.1335164308547974,
        0.7623635530471802,
        -0.1808544397354126,
        -0.6237478852272034,
        1.0926392078399658
    ],
    "layer2_w": [
        [
            0.07960951328277588,
            0.11186698079109192,
            0.13747242093086243,
            0.12450063228607178,
            0.05917888879776001,
            -0.17199082672595978,
            0.0255795419216156,
            0.22801473736763,
            -0.17438755929470062,
            0.1459084451198578,
            0.01904475688934326,
            -0.014626102522015572,
            -0.26762038469314575,
            -0.181435227394104,
            0.01811850070953369,
            0.023356536403298378
        ],
        [
            0.09050193428993225,
            -0.13437172770500183,
            -0.1118842363357544,
            -0.00598907470703125,
            -0.07854962348937988,
            0.07410550117492676,
            -0.18992269039154053,
            -0.15736457705497742,
            -0.1511891782283783,
            -0.22470730543136597,
            -0.11196935176849365,
            -0.2411072552204132,
            -0.010113894939422607,
            -0.17645058035850525,
            0.03067430853843689,
            -0.13635221123695374
        ],
        [
            -0.3121636211872101,
            0.03507566452026367,
            -0.11368772387504578,
            -0.13323228061199188,
            0.049806058406829834,
            -0.40723928809165955,
            -0.032318055629730225,
            -0.01074235700070858,
            -0.21236106753349304,
            0.21284452080726624,
            -0.11566788703203201,
            -0.09014375507831573,
            0.07365958392620087,
            0.02286398410797119,
            -0.2900640666484833,
            0.06613517552614212
        ],
        [
            -1.453470230102539,
            -0.17107850313186646,
            -0.05999690294265747,
            0.272690087556839,
            0.24448782205581665,
            -1.438854694366455,
            0.047062069177627563,
            -0.03236471116542816,
            0.14264746010303497,
            0.1601526141166687,
            -0.1169813871383667,
            -0.37631645798683167,
            -0.14921143651008606,
            0.12873420119285583,
            0.10151317715644836,
            -0.36595723032951355
        ],
        [
            1.2037585973739624,
            -0.06120210886001587,
            0.24680882692337036,
            0.22883844375610352,
            -0.12494289875030518,
            1.1459602117538452,
            -0.0581836998462677,
            -0.1666368842124939,
            0.12993237376213074,
            0.2322022020816803,
            0.2525789737701416,
            0.530984103679657,
            0.17343007028102875,
            0.06705847382545471,
            -0.012823840603232384,
            0.40686044096946716
        ],
        [
            0.02693501114845276,
            -0.04111123085021973,
            -0.1769048273563385,
            0.12317049503326416,
            -0.12694886326789856,
            -0.1847173571586609,
            -0.14678868651390076,
            -0.07040628790855408,
            -0.06680259108543396,
            -0.20973768830299377,
            -0.19771191477775574,
            -0.1931932270526886,
            -0.1405431032180786,
            0.2221268117427826,
            -0.2420535385608673,
            -0.18284425139427185
        ],
        [
            -0.27035343647003174,
            -0.015016436576843262,
            0.2236720621585846,
            0.16008324921131134,
            0.20063218474388123,
            -0.6949915885925293,
            0.1827004849910736,
            -0.13132238388061523,
            0.16953083872795105,
            0.07104232907295227,
            0.014282247051596642,
            -0.6271795630455017,
            0.2746732831001282,
            0.055605918169021606,
            -0.0378778837621212,
            -0.23934504389762878
        ],
        [
            -0.6203202605247498,
            -0.04774683713912964,
            0.14119097590446472,
            0.1624419093132019,
            -0.1324966698884964,
            0.31025031208992004,
            -0.021604299545288086,
            0.16694916784763336,
            0.1203094944357872,
            0.09968411922454834,
            0.0009760824614204466,
            0.06743275374174118,
            -0.30038607120513916,
            -0.07450708746910095,
            0.054822493344545364,
            0.03738497942686081
        ],
        [
            -0.1812439262866974,
            0.010747909545898438,
            -0.14046040177345276,
            -0.20820021629333496,
            -0.24065157771110535,
            -0.2377593219280243,
            -0.1891867220401764,
            0.00897189974784851,
            -0.18484634160995483,
            0.1384250521659851,
            -0.1331249177455902,
            0.17398762702941895,
            0.07501733303070068,
            0.05303570628166199,
            -0.19687718152999878,
            -0.10727328062057495
        ],
        [
            -0.04097551107406616,
            -0.09535360336303711,
            -0.22660261392593384,
            -0.20237714052200317,
            -0.1462448239326477,
            0.003650069236755371,
            -0.16982358694076538,
            -0.08621406555175781,
            -0.03153824806213379,
            -0.16366463899612427,
            -0.21921119093894958,
            -0.15181097388267517,
            -0.08661466836929321,
            -0.18570372462272644,
            -0.14869424700737,
            0.08617094159126282
        ],
        [
            1.9187108278274536,
            -0.17046219110488892,
            -0.14346134662628174,
            0.1461893618106842,
            -0.11034395545721054,
            0.9901748299598694,
            -0.238716721534729,
            0.14159096777439117,
            0.10081124305725098,
            0.055724769830703735,
            0.13153158128261566,
            0.34665176272392273,
            -0.2253248691558838,
            -0.052423447370529175,
            -0.013696339912712574,
            0.49491024017333984
        ],
        [
            -0.06577730178833008,
            0.1926269829273224,
            0.013117998838424683,
            0.12537077069282532,
            0.21599507331848145,
            0.15841755270957947,
            0.04302966594696045,
            -0.06584709882736206,
            -0.07440632581710815,
            0.06736680865287781,
            -0.06044316291809082,
            0.12010139226913452,
            -0.14479297399520874,
            -0.07901310920715332,
            -0.19231215119361877,
